scheme_code,scheme_name,latest_nav,latest_date,oldest_date,data_points,volatility,max_drawdown,sharpe_ratio,return_1m,return_3m,return_6m,return_1y,return_2y
120364,ICICI Prudential Equity Arbitrage Fund - Direct Plan - Growth,15.7,2013-01-08,2026-04-06,3257,1.024730419059427,-0.6001190741437465,1.1810457135246313,-1.443816698053989,-3.562653562653574,-6.714200831847886,-13.415616072708827,-22.975783978963065
120365,ICICI Prudential Equity Arbitrage Fund - Direct Plan - IDCW,13.05,2013-01-08,2026-04-06,3257,2.351454857690772,-4.08975530510712,-1.528137051052757,-1.43504531722054,-3.5476718403547576,-4.744525547445246,-6.7970317889970415,-8.251720719643965
108995,BANDHAN Equity Savings Fund - Regular Plan - Growth,10.0094,2008-06-10,2026-04-06,4390,4.02167482755063,-17.482185273159143,0.21768741221688467,-0.5188041663353831,-3.1645141005175805,-6.501391820950173,-8.653354749215158,-16.03415878128985
118477,BANDHAN Equity Savings Fund-Direct Plan-Growth,14.6453,2014-01-01,2026-04-06,3022,4.6618854562934136,-17.285067873303166,0.3611829529349711,-1.1221010701144374,-3.1850123288667342,-5.920858225733921,-11.429556340413173,-20.446187524783674
140350,Edelweiss Equity Savings Fund - Direct Plan - Bonus Option,11.3949,2016-11-28,2026-04-06,2306,4.7991587505096795,-9.498368438605546,0.9680537424373569,-0.5072906662009918,-5.480440625103689,-9.67038716428323,-15.319847804762048,-23.80083054145686
140347,Edelweiss Equity Savings Fund - Direct Plan - Growth Option,11.3976,2016-11-28,2026-04-06,2306,4.799322654369263,-9.49730535789033,0.966388441898784,-0.5045655324126483,-5.47215817672134,-9.65686157943547,-15.290969899665546,-23.773600048153117
140351,Edelweiss Equity Savings Fund - Regular Plan - Growth Option,11.3055,2016-11-28,2026-04-06,2306,4.8003746632094915,-9.587739421993561,0.7213673204212115,-0.48238162724576095,-5.373509102322657,-9.317323194648313,-14.427472826909687,-21.72820360152036
140352,Edelweiss Equity Savings Fund - Regular Plan - Bonus Option,11.3061,2016-11-28,2024-11-18,1967,4.9167449983140745,-9.585397299314646,0.8198642956842541,-0.4823561513612493,-5.3724472715098734,-9.313965333311938,-14.421635859939133,-21.742470911519796
101585,HDFC Equity Savings Fund - GROWTH PLAN,11.5921,2006-04-03,2026-04-06,4890,5.253169887363454,-17.054895362288363,0.6624952903724375,-0.5951206963083643,-1.4997535815644936,-3.5109331690791437,-10.185407579009356,-11.70614669814913
140348,Edelweiss Equity Savings Fund - Direct Plan - IDCW Option,10.7441,2016-11-28,2026-04-06,2306,5.317681417422498,-13.903690546674556,0.294716622797505,-0.5046950530624422,-3.9186929343694965,-6.958961524805815,-8.963734960176243,-8.425242486746333
133054,ICICI Prudential Equity Savings Fund - Direct Plan - Cumulative option,9.98,2014-12-08,2026-04-06,2786,5.325187748584565,-19.20359666024406,0.4898543400303743,-2.2526934378060766,-2.2526934378060766,-1.9646365422396788,-8.103130755064448,-24.16413373860182
133051,ICICI Prudential Equity Savings Fund - Cumulative option,9.98,2014-12-08,2026-04-06,2786,5.330433248935608,-19.27710843373493,0.3530873066039043,-2.156862745098028,-1.9646365422396788,-1.285855588526202,-6.9029850746268675,-22.152886115444616
141933,Edelweiss Equity Savings Fund - Direct Plan - Monthly - IDCW Option,12.9862,2017-11-08,2026-04-06,2071,5.339389735797678,-14.072160678379667,-0.6133778830602892,-0.9246685078657856,0.9577858975355722,-0.9171091985594864,2.4172496194704904,-0.9790615039726656
140349,Edelweiss Equity Savings Fund - Regular Plan - IDCW Option,10.1812,2016-11-28,2026-04-06,2306,5.376557515538754,-15.506259801473615,0.06928375372780352,-0.4828651300998996,-3.7293392337077726,-6.449449145923497,-7.61748346293792,-4.643626486840865
141934,Edelweiss Equity Savings Fund - Regular Plan - Monthly - IDCW Option,12.7855,2017-11-14,2026-04-06,2067,5.395462946688456,-16.296318999601564,-0.8876736878235836,-0.7367783609204613,2.039106145251408,-0.5955481608757444,4.9428315809345715,2.840986784424451
147494,Baroda BNP Paribas Equity Savings Fund - Regular Plan - Growth,10.02,2019-07-30,2026-04-06,1646,5.418873156248925,-8.484270734032417,0.371991661475623,-0.19920318725099181,-2.9069767441860535,-2.148437500000006,-13.917525773195885,-16.89681769550397
147496,Baroda BNP Paribas Equity Savings Fund - Direct Plan - Growth,10.02,2019-07-30,2026-04-06,1646,5.426271588671083,-8.428030303030308,0.5951610251373908,-0.3976143141153173,-3.281853281853281,-2.9069767441860535,-15.228426395939094,-19.516132918865516
136567,DSP Equity Savings Fund - Direct Plan - Growth,10.05,2016-03-30,2026-04-06,2470,5.738000045917879,-18.892277143465012,0.6479873993440818,-1.3060983992929307,-7.415937356057113,-6.789092932665547,-18.669579995144442,-21.722875613365524
136563,DSP Equity Savings Fund - Regular Plan - Growth,10.05,2016-03-30,2026-04-06,2470,5.738349286676421,-19.028704189462637,0.414254500382955,-1.179941002949845,-7.082100591715975,-6.0923191926742595,-17.22945149069345,-18.4120798830979
119128,HDFC Equity Savings Fund - Growth Option - Direct Plan,21.0517,2013-01-01,2026-04-06,3247,5.8662729167223615,-16.953746827332992,0.7517246728686917,0.7803262050773876,-0.9075290075078176,-1.733642656758365,-16.779858003510377,-20.264752670252257
136569,DSP Equity Savings Fund - Direct Plan - IDCW - Monthly,10.05,2016-03-30,2026-04-06,2470,5.8923930792268955,-19.465922678357913,-0.04639715080335111,-1.3060983992929307,-6.633221850613142,-4.883588869960249,-13.459054507879092,-15.31136765821185
136565,DSP Equity Savings Fund - Regular Plan - IDCW - Monthly,10.05,2016-03-30,2026-04-06,2470,5.959244839141227,-21.661538461538466,-0.4738680259010773,-1.179941002949845,-6.293706293706284,-4.139641358260199,-10.959510941791443,-5.969311377245508
144466,Franklin India Equity Savings Fund- Growth Direct,10.0,2018-08-27,2026-04-06,1867,6.009107673108028,-16.70309721398933,0.4349173251853037,2.0272820952322705,0.024005761382729213,-4.286985901473029,-4.141104294478532,-23.069821829707355
144461,Franklin India Equity Savings Fund- Growth,10.0,2018-08-27,2026-04-06,1867,6.012324021303684,-16.918630079677495,0.20547106103532878,2.28190939868466,0.727250750418023,-2.9738514529665725,-1.4681249384175696,-19.238907463940166
136570,DSP Equity Savings Fund - Direct Plan - IDCW - Quarterly,10.05,2016-03-30,2026-04-06,2470,6.1199218126480375,-18.893462086433438,-0.057866909289968904,-1.3060983992929307,-6.633221850613142,-4.883588869960249,-16.41021375696581,-16.493560448691312
132998,Aditya Birla Sun Life Equity Savings Fund - Regular Plan - Growth,10.0,2014-12-01,2026-04-06,2793,6.123472913890325,-17.800687285223365,0.2926565175192613,-1.283316880552821,-4.671115347950431,-6.015037593984967,-6.015037593984967,-22.898997686969935
132995,Aditya Birla Sun Life Equity Savings Fund - Direct Plan - Growth,10.0,2014-12-01,2026-04-06,2793,6.152304610919646,-17.792207792207794,0.46035751839516004,-1.3806706114398477,-5.033238366571694,-6.629318394024283,-7.493061979648479,-25.428784489187173
143259,BANDHAN Equity Savings Fund- Regular Plan -Quarterly IDCW,10.02,2018-11-27,2026-04-06,1820,6.158993070764824,-17.64150943396226,-0.43596301498203177,-0.6937561942517373,-2.6239067055393543,-0.7920792079207928,3.6194415718717647,-18.470301057770545
144464,Franklin India Equity Savings Fund - Monthly - IDCW,10.0,2018-08-27,2026-04-06,1867,6.1884217311980905,-16.917455063757323,-0.3372531068886785,2.28190939868466,0.727250750418023,-2.4028420292401083,-0.867410161090462,-15.740514488418533
144465,Franklin India Equity Savings Fund - Direct - Monthly - IDCW,10.0,2018-08-27,2026-04-06,1867,6.22307380774669,-16.70331103616614,-0.2443893729547593,2.0272820952322705,0.024005761382729213,-3.727664818237831,-3.5772828078295285,-19.857024932479547
136566,DSP Equity Savings Fund - Regular Plan - IDCW - Quarterly,10.05,2016-03-30,2026-04-06,2470,6.311604896177032,-22.001740644038296,-0.4520658451328575,-1.179941002949845,-6.293706293706284,-4.139641358260199,-11.849837733532139,-6.537710406398209
143258,BANDHAN Equity Savings Fund-Direct Plan -Quarterly IDCW,10.33,2019-04-15,2026-04-06,1645,6.444416623606346,-17.391304347826086,-0.3267354630754462,2.683896620278326,-0.9587727708533044,5.6237218813906,-10.79447322970639,-15.466448445171855
144467,Franklin India Equity Savings Fund - Direct - Quarterly - IDCW,10.0,2018-08-27,2026-04-06,1867,6.572830103676143,-16.70309721398933,-0.21272976424839632,2.0272820952322705,0.024005761382729213,-4.286985901473029,-4.141104294478532,-20.193451074595185
133682,BANDHAN Equity Savings Fund - Regular Plan -Annual IDCW,9.9913,2015-03-02,2026-04-06,2738,6.5888898885039415,-18.946119837532795,-0.5970644782112124,-0.18980450136359678,-1.3555674031949108,-3.5672576706656773,-3.718729522414519,-9.81767307518729
132996,Aditya Birla Sun Life Equity Savings Fund - Direct - IDCW,10.0,2014-12-01,2026-04-06,2793,6.65087538322471,-17.738359201773825,-0.2883128588430007,-1.3806706114398477,-3.1945788964182,-4.852521408182682,-5.749293119698392,-17.695473251028808
144463,Franklin India Equity Savings Fund - Quarterly - IDCW,10.0,2018-08-27,2026-04-06,1867,6.664588771108704,-16.918630079677495,-0.4656887301173971,2.28190939868466,0.727250750418023,-2.9738514529665725,-1.4681249384175696,-16.0926002064122
132997,Aditya Birla Sun Life Equity Savings Fund - Regular - IDCW,10.0,2014-12-01,2026-04-06,2793,6.7266832531726815,-17.857142857142847,-0.5138514286253684,-1.283316880552821,-2.818270165208933,-4.122722914669221,-4.214559386973176,-13.269731136166518
133681,BANDHAN Equity Savings Fund-Direct Plan-Annual IDCW,10.3636,2015-11-13,2026-04-06,2567,6.74866697851924,-17.707299231934794,-0.46130669159778204,-0.5803858366669481,-0.08387724998312104,-3.036086862959744,-5.0639404932028835,-5.00824931255729
151060,HSBC Equity Savings Fund - Direct Growth,25.5038,2022-11-28,2026-04-06,825,6.773699738564,-11.533833755032076,1.062596447234625,0.6913106476052735,-1.480660251631129,-8.322369603508397,-23.290843795304298,-33.700224085849314
151058,HSBC Equity Savings Fund - Regular Growth,23.537,2022-11-28,2026-04-06,825,6.774707994638556,-11.658260781093299,0.9118784842730372,0.7870441738177123,-1.1652564613995668,-7.72771108898315,-22.267797460996842,-31.936218942303253
135120,Axis Equity Savings Fund - Direct Plan - Growth,10.02,2015-08-20,2026-04-06,2621,6.942680587741782,-17.561983471074374,0.4966721790428082,-0.29850746268657846,-0.3976143141153173,-1.2807881773399092,-7.222222222222233,-23.100537221795854
135122,Axis Equity Savings Fund - Regular Plan - Growth,10.02,2015-08-20,2026-04-06,2621,6.954006511168685,-17.64705882352941,0.29599762043488187,-0.09970089730807366,0.19999999999999576,-0.29850746268657846,-5.471698113207548,-20.28639618138425
144468,Franklin India Equity Savings Fund - IDCW,10.0,2018-08-27,2026-04-06,1867,7.132977350591021,-16.918630079677495,-0.21413915846198003,2.28190939868466,0.727250750418023,-2.9738514529665725,-1.4681249384175696,-19.238907463940166
144462,Franklin India Equity Savings Fund - Direct - IDCW,10.0,2018-08-27,2026-04-06,1867,7.1557590918404985,-16.70309721398933,-0.03362448446403938,2.0272820952322705,0.024005761382729213,-4.286985901473029,-4.141104294478532,-23.069821829707355
151061,HSBC Equity Savings Fund - Direct Monthly IDCW,14.3611,2022-11-28,2026-04-06,825,7.17388799666052,-13.13052564331617,-0.13835817886487856,1.1872384200217005,0.7725773629920776,-3.903134284414225,-15.024585362390022,-17.756575820223688
151056,HSBC Equity Savings Fund - Regular Monthly IDCW,12.9411,2022-11-28,2026-04-06,825,7.176140070373566,-13.241864405746579,-0.2514208807931978,1.258978732727186,1.0320948715346439,-3.3626058515166473,-13.950875046545022,-15.999065293166906
135121,Axis Equity Savings Fund - Direct Plan - Monthly IDCW,10.02,2015-08-20,2026-04-06,2621,7.210182356476462,-18.79310344827586,-0.44011752861115655,-0.29850746268657846,-0.29850746268657846,-1.1834319526627315,-4.3893129770992445,-12.182296231375991
135123,Axis Equity Savings Fund - Regular Plan - Monthly IDCW,10.02,2015-08-20,2026-04-06,2621,7.255977710798449,-20.606601248884925,-0.6793180987597994,-0.09970089730807366,0.19999999999999576,-0.29850746268657846,-2.52918287937743,-9.156844968268357
135124,Axis Equity Savings Fund - Direct Plan - Quarterly IDCW,10.02,2015-08-20,2026-04-06,2621,7.633443085493832,-18.46808510638298,-0.38481170231799755,-0.29850746268657846,-0.29850746268657846,-1.1834319526627315,-5.3824362606232325,-12.945264986967855
135125,Axis Equity Savings Fund - Regular Plan - Quarterly IDCW,10.02,2015-08-20,2026-04-06,2621,7.748237510611284,-20.282186948853624,-0.5859047375771682,-0.09970089730807366,0.19999999999999576,-0.29850746268657846,-3.746397694524501,-9.89208633093525
108992,BANDHAN Equity Savings Fund - Regular Plan - Monthly IDCW,10.0094,2008-06-10,2026-04-06,4390,7.7651029495432855,-29.22404661016949,-0.6752475363103393,-0.5188041663353831,-3.171071470030568,-4.034438457555942,-4.616059006270377,-9.664085485821557
151059,HSBC Equity Savings Fund - Direct Quarterly IDCW,14.9713,2022-11-28,2026-04-06,825,7.848499874077184,-13.920181733698184,-0.1495997656264482,1.9919748755015627,1.583672029257897,-3.7425900446204725,-14.912106211388396,-17.861061733271892
151057,HSBC Equity Savings Fund - Regular Quarterly IDCW,13.88,2022-11-28,2026-04-06,825,7.851875216449086,-14.16408273860474,-0.27062330735211226,2.118893466745146,1.9373980993228772,-3.147699757869239,-13.81558522198075,-15.706625046306696
147498,Baroda BNP Paribas Equity Savings Fund - Direct Plan - IDCW,10.02,2019-07-30,2026-04-06,1646,7.898723290150798,-13.004630927119617,-0.17736535395310576,-0.3976143141153173,-3.281853281853281,-2.9069767441860535,-15.228426395939094,-14.318696823293003
147495,Baroda BNP Paribas Equity Savings Fund - Regular Plan - IDCW,10.02,2019-07-30,2026-04-06,1646,7.900947583474776,-14.340118558922658,-0.32425393543809466,-0.19920318725099181,-2.9069767441860535,-2.148437500000006,-13.917525773195885,-11.516146978567834
136568,DSP Equity Savings Fund - Direct Plan - IDCW,10.05,2016-03-30,2026-04-06,2470,8.015524020253077,-19.64403427818061,-0.3427949742093442,-1.3060983992929307,-7.415937356057113,-6.815020862308757,-14.497192445125053,-12.593494520786214
119129,HDFC Equity Savings Fund - IDCW Option - Direct Plan,11.7745,2013-01-01,2026-04-06,3247,8.05683379322289,-23.632350622733718,-0.48508507088092967,0.7806013711879403,6.896113446331777,6.012586997037821,-2.088045502927097,3.8682074805927966
136564,DSP Equity Savings Fund - Regular Plan - IDCW,10.05,2016-03-30,2026-04-06,2470,8.183267740684,-22.690643820510637,-0.4841111805970739,-1.179941002949845,-7.082100591715975,-6.0923191926742595,-12.464071073948254,-8.160467879009403
101586,HDFC Equity Savings Fund - IDCW PLAN,10.5152,2006-04-03,2026-04-06,4890,8.555749904758539,-28.606411934258812,-0.5686868934888872,-0.5955644627630468,-1.4997236611617464,3.837418284518005,-3.346722675172121,5.740977243244873
118476,BANDHAN Equity Savings Fund-Direct Plan-Monthly IDCW,12.0129,2013-10-15,2026-04-06,3074,9.874511465671626,-31.83134274339486,-0.5953938537544935,-0.9278044435647541,-1.146294498115571,-0.8664867675092255,-0.5357024574418775,-2.4752796765656204
149599,Sundaram Aggressive Hybrid Fund (Formerly Known as Principal Hybrid Equity Fund)-Growth,113.3719,2022-01-03,2026-04-06,1047,10.088635672338066,-13.538398979323615,0.16035005867226246,4.715586076949013,10.057411010022168,-1.2208435600327976,-3.77476355741377,-28.399076409668904
149601,Sundaram Aggressive Hybrid Fund (Formerly Known as Principal Hybrid Equity Fund)- Direct Plan - Growth Option,124.6637,2022-01-03,2026-04-06,1047,10.089000745387496,-13.127891719819424,0.28761356958045525,4.56828905152348,9.567876277931683,-2.0754733284160345,-5.503467524129407,-30.876181879074053
139521,Axis Equity Savings Fund - Regular Plan - Regular IDCW,9.99,2016-07-05,2026-04-06,2408,10.166551158176446,-24.906507105459987,-0.3832339125493064,-2.2504892367906106,0.0,-5.487228003784296,-12.75109170305676,-20.461783439490446
139520,Axis Equity Savings Fund - Direct Plan - Regular IDCW,9.93,2016-09-12,2026-04-06,2362,10.255984260936838,-24.851190476190478,-0.2965205318199808,-1.292246520874759,0.5060728744939162,-6.585136406396999,-11.576135351736426,-20.686900958466452
149602,Sundaram Aggressive Hybrid Fund(Formerly Known as Principal Hybrid Equity Fund)-Direct Plan - Monthly Income Distribution CUM Capital Withdrawal Option,42.0044,2022-01-03,2026-04-06,1047,10.564261347526621,-22.4242870362581,-0.7563617084386155,5.526762049517013,13.659954216071982,6.339714735621585,11.510382652925777,-5.297166652763355
149600,Sundaram Aggressive Hybrid Fund (Formerly Known as Principal Hybrid Equity Fund)- Monthly Income Distribution CUM Capital Withdrawal,29.0546,2022-01-03,2026-04-06,1047,10.617016224271651,-24.790733364536262,-0.9223649090163104,5.672304055282777,14.163009182675124,7.340879871137456,14.100243087326875,-0.3737535832338882
119609,SBI EQUITY HYBRID FUND - DIRECT PLAN - Growth,56.96,2013-01-02,2026-04-06,3268,11.154119161383239,-27.48953179124069,0.8071473644328085,0.3125963104829868,-0.9217271207638174,0.6147106620504469,-24.84070213773839,-42.02692043459454
119604,SBI Equity Hybrid Fund - Direct Plan - Income Distribution cum Capital Withdrawal Option (IDCW),25.52,2013-01-02,2026-04-06,3268,11.570052680851934,-29.571284573240526,0.4614918376064819,0.3109166735453557,-0.9078271944334377,0.6293276131291348,-24.8290833684347,-32.69598470363289
138386,PGIM India Aggressive Hybrid Equity Fund - Direct Plan - Growth,53.8,2016-03-08,2026-04-06,2481,11.70869554746528,-31.222404440519735,0.448508419497863,-4.49139002307829,-9.290170291687751,-10.542068506817431,-20.555227406969877,-22.11928199189346
138382,PGIM India Aggressive Hybrid Equity Fund - Growth Option,52.04,2016-03-08,2026-04-06,2481,11.709373605689487,-31.417941298057038,0.299803855999411,-4.338235294117646,-8.845682256086887,-9.715475364330327,-18.953434044541343,-18.890274314214462
118272,CANARA ROBECO EQUITY HYBRID FUND - DIRECT PLAN - GROWTH OPTION,72.08,2013-01-02,2026-04-06,3261,11.747424465588193,-25.694629619753602,0.7417077119845241,2.4009092200596642,2.7512473271560833,5.627198124267297,-21.618094823836447,-37.4956642386403
120517,Aditya Birla Sun Life Equity Hybrid'95 Fund - Direct Plan-Growth,350.97,2013-01-02,2026-04-06,3261,11.911800805164065,-31.967767584823708,0.613045550930509,1.2958900946663614,0.36603849123510235,2.48496174735737,-24.66353274518642,-38.77113099911027
118271,CANARA ROBECO EQUITY HYBRID FUND - DIRECT PLAN - MONTHLY IDCW (Payout/Reinvestment),60.73,2013-01-02,2026-04-06,3261,11.925923676777982,-26.210985568855584,0.030930404485872517,2.376938637896151,4.797238999137177,9.700144508670515,-14.404510218463715,-23.58122561973072
120251,ICICI Prudential Equity & Debt Fund - Direct Plan - Growth,56.61,2013-01-02,2026-04-06,3261,11.939215021486826,-30.701525622636584,0.9846392121243288,0.8192341941228867,0.05302226935313033,0.0,-27.086553323029367,-39.73171510699458
139820,PGIM India Aggressive Hybrid Equity Fund-Direct Plan-Monthly Dividend Option,22.97,2016-08-26,2026-04-06,2365,12.178991975772899,-41.5766306522609,-0.40974996176263784,-2.875264270613107,3.5617673579801585,-4.490644490644499,-3.6897274633123796,11.504854368932026
120252,ICICI Prudential Equity & Debt Fund - Direct Plan - Monthly IDCW,17.21,2013-01-07,2026-04-06,3258,12.181583058446996,-36.85168334849863,0.49069027777336427,1.9549763033175467,-0.97813578826236,1.2352941176470638,-27.01441899915181,-32.163973196689
139821,PGIM India Aggressive Hybrid Equity Fund-Monthly Dividend Option,23.61,2016-09-23,2026-04-06,2347,12.191957948581443,-42.90375203915171,-0.5383598909983214,1.8111254851228897,3.598069328652919,-1.70691090757702,2.296360485268636,21.325796505652615
120518,Aditya Birla Sun Life Equity Hybrid'95 Fund -DIRECT - IDCW,114.29,2013-01-02,2026-04-06,3261,12.347746995949857,-39.50391061452513,0.14716176273462042,1.2939820969600355,0.2895752895753006,2.44711366081033,-22.829169480081017,-34.40280089536819
145599,Groww Aggressive Hybrid Fund (formerly known as Indiabulls Equity Hybrid Fund) - Direct Plan - Growth option,10.0144,2018-12-14,2026-04-06,1798,12.908211858428004,-28.192388731368524,0.5040559234325793,0.10495906596427793,-5.552149842970446,-4.1766737792917406,3.315794903538642,-35.80842008102148
145600,Groww Aggressive Hybrid Fund (formerly known as Indiabulls Equity Hybrid Fund)- Direct Plan- - Income Distribution cum capital withdrawal Option (Payout & Reinvestment),10.0144,2018-12-14,2026-04-06,1798,12.908840896234711,-28.196997602251795,0.4935335248319306,0.13398660133987347,-5.472805874912693,-4.063763339911473,3.5829540752999685,-35.40971975877971
145606,Groww Aggressive Hybrid Fund (formerly known as Indiabulls Equity Hybrid Fund)- Direct Plan- Monthly - Income Distribution cum capital withdrawal Option (Payout & Reinvestment),10.0144,2018-12-14,2026-04-06,1798,12.9094740405112,-28.198091003048482,0.4915777263511507,0.11196417146513658,-5.522745712183248,-4.093164013867344,3.557246856386493,-35.315850665288714
145605,Groww Aggressive Hybrid Fund (formerly known as Indiabulls Equity Hybrid Fund) - Regular Plan - Growth option,10.0139,2018-12-14,2026-04-06,1798,12.910800813239282,-28.32988298430017,0.3600930795073182,0.335657889463349,-4.843399597096056,-2.7049347570513835,6.56145914251966,-31.84021018527342
145604,Groww Aggressive Hybrid Fund (formerly known as Indiabulls Equity Hybrid Fund)- Regular Plan- Monthly - Income Distribution cum capital withdrawal Option (Payout & Reinvestment.,10.0139,2018-12-14,2026-04-06,1798,12.911108798560564,-28.310640264495714,0.35998226813886613,0.34269567221459796,-4.832547707747279,-2.686970380160153,6.558057376351398,-31.824897028287435
145603,Groww Aggressive Hybrid Fund (formerly known as Indiabulls Equity Hybrid Fund)- Regular Plan- - Income Distribution cum capital withdrawal Option (Payout & Reinvestment),10.0139,2018-12-14,2026-04-06,1798,12.911611155837557,-28.31077418036065,0.3599057624034582,0.3457121670641475,-4.830738818878183,-2.685079007210753,6.55578965289748,-31.813291570202917
145608,Groww Aggressive Hybrid Fund (formerly known as Indiabulls Equity Hybrid Fund)- Regular Plan- Half Yearly - Income Distribution cum capital withdrawal Option (Payout & Reinvestment),10.0139,2018-12-14,2026-04-06,1798,12.914924494953484,-28.310307046845356,0.3571978744078244,0.5704472185676459,-4.618623080733034,-2.468029569604482,6.798984684953706,-31.669987444729518
145601,Groww Aggressive Hybrid Fund (formerly known as Indiabulls Equity Hybrid Fund)- Direct Plan- Quarterly - Income Distribution cum capital withdrawal Option (Payout & Reinvestment),10.0145,2018-12-14,2026-04-06,1798,12.920612235953454,-28.1949145187885,0.4786672639629409,0.07994803377803546,-5.59839372572678,-4.151871596336243,3.46840517419514,-34.641013424877464
145607,Groww Aggressive Hybrid Fund (formerly known as Indiabulls Equity Hybrid Fund)- Regular Plan- Quarterly - Income Distribution cum capital withdrawal Option (Payout & Reinvestment),10.0139,2018-12-14,2026-04-06,1798,13.048037742753957,-28.31077418036065,0.42728223538067167,0.34269567221459796,-4.83345212639583,-2.687916039065159,6.55578965289748,-35.68464996788697
131453,ICICI Prudential Equity & Debt Fund - Direct Plan - Half Yearly IDCW,10.33,2014-11-05,2026-04-06,2811,13.09529957705654,-30.678851174934735,0.32057794211075885,0.0,-7.271095152603236,-7.020702070207014,-7.020702070207014,-24.981844589687725
131452,ICICI Prudential Equity & Debt Fund - Half Yearly IDCW,10.43,2014-11-05,2026-04-06,2811,13.227550600632778,-30.80634045485872,0.2141979181832343,0.19212295869355978,-6.8749999999999964,-6.205035971223018,-5.267938237965486,-21.872659176029963
138381,PGIM India Aggressive Hybrid Equity Fund - Dividend Option,13.43,2016-03-08,2026-04-06,2481,13.463843261810915,-43.22414900449583,-0.4161768374880669,-4.344729344729341,-7.443142660234321,-6.411149825783973,-11.000662690523527,6.671961874503573
138387,PGIM India Aggressive Hybrid Equity Fund - Direct Plan - Dividend,20.63,2016-03-08,2026-04-06,2481,13.466778051799691,-41.57937147461725,-0.30037288306171095,-4.357904496986562,-8.22953736654805,-8.311111111111115,-13.754180602006699,1.575578532742493
136114,ICICI Prudential Equity & Debt Fund - Direct Plan - Annual IDCW,10.1,2016-01-22,2026-04-06,2511,13.488339029414592,-32.70397842211732,0.41021119611971807,-0.4926108374384306,-7.083716651333943,-19.135308246597283,-28.216062544420755,-23.888470233609645
136113,ICICI Prudential Equity & Debt Fund - Annual IDCW,10.1,2016-01-19,2026-04-06,2514,13.656473508064652,-33.77345378735234,0.31450184434213174,2.746693794506608,-6.481481481481491,-17.416189697465256,-26.169590643274855,-20.03167062549486
103155,Aditya Birla Sun Life Equity Hybrid'95 Fund - Regular Plan-Growth,158.17,2006-04-03,2026-04-06,4924,13.706405197305276,-49.80961015412511,0.5098205546381289,0.05060408627995704,10.0159977742227,-7.751078968855721,-27.40832530175777,7.212092455771699
102885,SBI EQUITY HYBRID FUND - REGULAR PLAN -Growth,32.06,2006-04-03,2026-04-06,4912,14.304082879358274,-52.18042298334269,0.49723056588127523,1.103752759381903,7.728494623655916,-7.314252674183293,-22.579087177010372,17.910996689959546
106166,CANARA ROBECO EQUITY HYBRID FUND - REGULAR PLAN - GROWTH OPTION,41.76,2007-07-23,2026-04-06,4594,14.318758284223835,-49.51386388188693,0.5147705611086019,-0.5477494641581424,-17.011128775834663,-4.088194763435923,31.362063541994335,-29.803328290468993
139529,BANK OF INDIA MID & SMALL CAP EQUITY & DEBT FUND - REGULAR  PLAN  GROWTH,10.13,2016-07-27,2026-04-06,2386,14.400632912737724,-37.83431180691455,0.6790105402727371,-4.524033930254465,0.09881422924902732,-11.989574283231965,-32.735723771580346,-12.822719449225461
139527,BANK OF INDIA MID & SMALL CAP EQUITY & DEBT FUND - DIRECT PLAN GROWTH,10.13,2016-07-27,2026-04-06,2386,14.427105668069967,-36.638763683193815,0.759674700759517,-4.703668861712136,-0.2952755905511748,-12.672413793103438,-33.57377049180327,-15.08801341156747
100356,ICICI Prudential Equity & Debt Fund - Growth,31.2,2006-04-02,2026-04-06,4925,14.475122551921146,-51.66875260742594,0.615187800069518,-4.8780487804877986,5.47667342799189,-6.586826347305387,-17.28525980911983,23.271434215725012
103154,Aditya Birla Sun Life Equity Hybrid'95 Fund -Regular - IDCW,73.07,2006-04-03,2026-04-06,4924,14.5638892953003,-52.40599733103068,-0.0554628439856236,0.041073384446860525,10.012044564890079,-7.763191113355221,-27.416310718188146,13.058950951570475
145602,Groww Aggressive Hybrid Fund (formerly known as Indiabulls Equity Hybrid Fund)- Direct Plan- Half Yearly - Income Distribution cum capital withdrawal Option (Payout & Reinvestment),10.0145,2018-12-14,2026-04-06,1516,14.620937512066186,-26.56564289029862,0.5692641758232198,1.8292558924613096,0.9627986692206822,-8.356744786185564,-27.593287493944718,-36.78153663571343
139528,BANK OF INDIA MID & SMALL CAP EQUITY & DEBT FUND - REGULAR  PLAN IDCW,10.13,2016-07-27,2026-04-06,2386,14.70680709208393,-41.405706332637436,0.5136877545745339,-4.524033930254465,0.19782393669635362,-11.989574283231965,-28.20694542877391,-1.3631937682570476
139530,BANK OF INDIA MID & SMALL CAP EQUITY & DEBT FUND - DIRECT PLAN IDCW,10.13,2016-07-27,2026-04-06,2386,14.765702099251893,-40.22191400832178,0.5594255939807045,-4.613935969868159,-0.09861932938855805,-12.370242214532869,-28.460451977401124,-3.062200956937785
106167,CANARA ROBECO EQUITY HYBRID FUND - REGULAR PLAN - MONTHLY IDCW (Payout/Reinvestment),41.76,2007-07-23,2026-04-06,4594,14.837136903304437,-49.51386388188693,-0.04625680780115999,-0.5477494641581424,-17.011128775834663,-4.088194763435923,31.362063541994335,-19.101123595505616
119062,HDFC Hybrid Equity Fund - Growth Option - Direct Plan,28.957,2013-01-01,2026-04-06,3262,14.861292596194295,-33.55609132538308,0.4501177619289515,4.311959654178671,10.094289407649613,14.37769087964609,-24.49282920469361,-32.61269228084056
129310,ICICI Prudential Dividend Yield Equity Fund Growth Option,10.92,2014-06-12,2026-04-06,2905,14.876379301332054,-45.822385706778775,0.6325985963821323,-2.412868632707771,-8.312342569269523,-12.57005604483587,-6.905370843989774,-33.088235294117645
129312,ICICI Prudential Dividend Yield Equity Fund Direct Plan Growth Option,10.93,2014-06-12,2026-04-06,2905,14.880749322283457,-44.82051282051282,0.7117402472302563,-2.497769848349698,-8.535564853556481,-13.116057233704295,-7.841483979763911,-34.393757503001204
120722,ICICI Prudential Focused Equity Fund - Direct Plan - Growth,15.35,2013-01-10,2026-04-06,3255,15.084786892907399,-34.14921851961073,0.721619984254886,1.7904509283819598,1.521164021164024,4.849726775956277,-25.881216803476587,-31.656277827248445
146642,SBI Equity Minimum Variance Fund - Direct Plan - Income Distribution cum Capital Withdrawal Option (IDCW),9.9461,2019-03-27,2026-04-06,1737,15.300145818739539,-32.9535536751034,0.5254210258109764,1.0464183031768424,4.8116339111649715,-3.812268502848077,-10.104753210835046,-34.54144591793083
146643,SBI Equity Minimum Variance Fund - Direct Plan - Growth,9.9461,2019-03-27,2026-04-06,1737,15.300206592113566,-32.95007162440353,0.5254864350750198,1.0464183031768424,4.8116339111649715,-3.812268502848077,-10.111252699979216,-34.545753677075446
146641,SBI Equity Minimum Variance Fund - Regular Plan - Income Distribution cum Capital Withdrawal Option (IDCW),9.9451,2019-03-27,2026-04-06,1737,15.300331298618636,-32.97818656155084,0.4983388977553584,1.097884539142639,4.961477572559371,-3.5261820227771,-9.571914382876573,-33.76909655163228
146644,SBI Equity Minimum Variance Fund - Regular Plan - Growth,9.9451,2019-03-27,2026-04-06,1737,15.300650469046055,-32.98104296990298,0.49816147411086215,1.097884539142639,4.963693165027229,-3.5261820227771,-9.563691255638005,-33.753655335957845
100355,ICICI Prudential Equity & Debt Fund - Monthly IDCW,17.45,2006-04-02,2026-04-06,4925,15.320705929554629,-58.048561151079134,-0.013926029436293817,-4.904632152588567,5.438066465256789,0.22975301550832364,-0.2857142857142898,71.24631992149166
118559,Franklin Asian Equity Fund - Direct - Growth,13.1556,2013-01-01,2026-04-06,3261,15.33915157051711,-40.19842883746816,0.27281314700389253,0.9794289223211489,-3.007335864636707,-12.47979243588464,-13.106427387235062,-15.846169592139603
111957,ICICI Prudential Focused Equity Fund - Growth,10.13,2009-06-03,2026-04-06,4148,15.55308617912049,-35.17305893358279,0.5957893291476352,1.3000000000000078,-12.370242214532869,-14.079728583545364,-30.853242320819106,-19.089456869009574
101551,SBI Equity Hybrid Fund - Regular Plan - Income Distribution cum Capital Withdrawal Option (IDCW),23.4,2006-04-03,2026-04-06,4912,15.6840552283713,-53.26732673267327,0.025223604736760098,1.1235955056179687,7.734806629834254,-7.290015847860539,-22.56783587028458,33.10580204778157
133513,Aditya Birla Sun Life Manufacturing Equity Fund - Regular Plan - Growth,10.0,2015-02-03,2026-04-06,2749,15.738514512768958,-40.283140283140284,0.41686569252315986,-1.9607843137254832,4.275286757038583,-0.7936507936507943,-6.279287722586691,-34.72584856396867
133516,Aditya Birla Sun Life Manufacturing Equity Fund - Direct Plan - Growth,10.0,2015-02-03,2026-04-06,2749,15.753146208817615,-39.1875,0.48385837395137377,-2.0568070519099004,3.842159916926264,-1.3806706114398477,-7.578558225508321,-36.62864385297845
120723,ICICI Prudential Focused Equity Fund - Direct Plan - IDCW,15.38,2013-01-08,2026-04-06,3257,15.767604918546526,-39.74449964513839,0.3925443722545322,2.670226969292392,0.3261578604044404,2.670226969292392,-24.68168462291871,-31.093189964157702
118564,Franklin India Focused Equity Fund - Direct - Growth,14.618,2013-01-01,2026-04-06,3262,16.151889230124016,-37.69423419293055,0.7638234601236857,1.4955633010706448,1.0996611107268879,0.3067253127294479,-31.033506638107543,-50.33668317807176
119061,HDFC Hybrid Equity Fund - IDCW Option - Direct Plan,13.209,2013-01-01,2026-04-06,3262,16.483602985667357,-52.53570223771506,-0.15951097666436992,18.307210031347967,24.75443898753306,29.614365616720622,-9.471592077307928,-11.23580404542706
130863,Nippon India Japan Equity Fund- Growth Plan- Growth Option,9.9306,2014-08-27,2026-04-06,2700,16.56977324570233,-30.923679710991646,0.25529387787330793,5.2929575672752724,6.0157359268076505,-13.549982153894366,-1.3000178901544586,-11.608573361341543
130859,NIPPON INDIA - JAPAN EQUITY FUND - IDCW Option,9.9306,2014-08-27,2026-04-06,2700,16.56982370299543,-30.923679710991646,0.25529365641315865,5.2929575672752724,6.0157359268076505,-13.549982153894366,-1.3000178901544586,-11.608573361341543
130858,Nippon India Japan Equity Fund- Growth Plan- Bonus Option,9.9306,2014-08-27,2026-04-06,2700,16.5698863467726,-30.923679710991646,0.25529338978616734,5.2929575672752724,6.0157359268076505,-13.549982153894366,-1.3000178901544586,-11.608573361341543
130864,NIPPON INDIA - JAPAN EQUITY FUND - DIRECT Plan - IDCW Option,9.9309,2014-08-27,2026-04-06,2700,16.57180235454972,-29.906061644525977,0.3293659646590075,5.221389898390556,5.785167983979197,-13.928011163209952,-2.317415039590811,-13.440368171953038
130860,Nippon India Japan Equity Fund- Direct Plan- Growth Plan- Growth Option,9.9309,2014-08-27,2026-04-06,2700,16.571813562443666,-29.906061644525977,0.3293658734966285,5.221389898390556,5.785167983979197,-13.928011163209952,-2.317415039590811,-13.440368171953038
130861,Nippon India Japan Equity Fund- Direct Plan- Growth Plan- Bonus Option,9.9309,2014-08-27,2026-04-06,2700,16.571903249786057,-29.906061644525977,0.32936505378167,5.221389898390556,5.785167983979197,-13.928011163209952,-2.317415039590811,-13.440368171953038
129309,ICICI Prudential Dividend Yield Equity Fund Direct Plan IDCW Option,10.93,2014-06-12,2026-04-06,2905,16.605250808243785,-55.29197080291971,0.14870728023751326,-2.497769848349698,-8.535564853556481,-13.116057233704295,-4.707933740191812,-29.20984455958549
118558,Franklin Asian Equity Fund - Direct - IDCW,13.1556,2013-01-01,2026-04-06,3261,16.646806072828856,-42.971893617771336,-0.12264823432732287,0.9794289223211489,-3.007335864636707,-12.47979243588464,-5.319294407220023,10.756951986462248
133515,Aditya Birla Sun Life Manufacturing Equity Fund - Regular - IDCW,10.0,2015-02-03,2026-04-06,2749,16.84276836627747,-49.72027972027972,0.0911303334501168,-1.9607843137254832,4.275286757038583,-0.7936507936507943,-6.279287722586691,-29.128277817150956
133514,Aditya Birla Sun Life Manufacturing Equity Fund - Direct - IDCW,10.0,2015-02-03,2026-04-06,2749,16.886289694584946,-49.1869918699187,0.14791185277009736,-2.0568070519099004,3.842159916926264,-1.3806706114398477,-7.749077490774907,-31.318681318681318
106979,Franklin Asian Equity Fund - Growth Plan,9.4933,2008-01-17,2026-04-06,4477,16.976215593850714,-42.78270861399477,0.19781410477143552,-0.49994759459176963,-3.5214130368503493,33.86305310358441,0.775992017154627,-16.658180285844722
129311,ICICI Prudential Dividend Yield Equity Fund IDCW Option,10.92,2014-06-12,2026-04-06,2905,17.26532477588691,-57.33830845771144,-0.0037782764554859186,-2.412868632707771,-8.312342569269523,-12.57005604483587,-3.703703703703703,-27.729980145598937
150538,ICICI Prudential PSU Equity Fund - Growth,10.01,2022-09-13,2026-04-06,875,17.31320299185594,-23.645104895104897,1.1284634489929284,-2.531645569620251,-5.298013245033117,-10.545129579982126,-49.110320284697515,-48.92857142857143
150539,ICICI Prudential PSU Equity Fund - Direct Plan - Growth,10.02,2022-09-13,2026-04-06,875,17.324851214422626,-23.03442413939652,1.2288710970366188,-2.6239067055393543,-5.7384760112888165,-11.56222418358341,-50.22354694485842,-50.978473581213315
111958,ICICI Prudential Focused Equity Fund - IDCW,10.13,2009-06-03,2026-04-06,4148,17.504643937109417,-50.698122291766964,0.07916404314207759,1.3000000000000078,-12.370242214532869,-14.079728583545364,-30.853242320819106,-19.089456869009574
117619,ICICI Prudential US Bluechip Equity Fund - IDCW,10.15,2012-07-09,2026-04-06,3268,17.589294443250488,-24.692469246924684,0.6763808322533303,-4.962546816479395,-4.245283018867918,-13.690476190476186,-35.10230179028133,-43.579766536964975
117620,ICICI Prudential US Bluechip Equity Fund - Growth,10.15,2012-07-09,2026-04-06,3268,17.590129661160685,-24.692469246924684,0.6763588071089762,-4.962546816479395,-4.245283018867918,-13.690476190476186,-35.10230179028133,-43.579766536964975
120186,ICICI Prudential US Bluechip Equity Fund - Direct Plan -  Growth,10.97,2013-01-03,2026-04-06,3154,17.66923110592166,-24.646693046919168,0.7310843889697015,-2.228163992869875,-11.887550200803203,-27.109634551495017,-33.63581367211131,-38.885793871866284
120185,ICICI Prudential US Bluechip Equity Fund - Direct Plan -  IDCW,11.14,2013-01-04,2026-04-06,3153,17.66981162216783,-24.646693046919168,0.72313390226421,-0.8014247551202124,-10.879999999999995,-26.029216467463478,-33.29341317365269,-36.560364464692476
118563,Franklin India Focused Equity Fund - Direct - IDCW,13.4341,2013-01-01,2026-04-06,3262,17.71730009831934,-44.92768436653549,0.23165631647972215,1.4966757328498048,1.1010099489757528,5.545123857860044,-27.432275489534092,-40.26634059582035
106978,Franklin Asian Equity Fund - IDCW,9.4933,2008-01-17,2026-04-06,4477,17.839971415766055,-43.90824902307157,-0.056078318382254966,-0.49994759459176963,-3.5214130368503493,33.86305310358441,0.775992017154627,-16.658180285844722
102948,HDFC Hybrid Equity Fund - Growth Plan,17.234,2006-04-03,2026-04-06,4924,18.50923249328222,-62.02762290004009,0.310927494992645,5.704121687929363,13.113678130742985,-1.621189633519802,-20.547692591397343,52.756603439106556
150541,ICICI Prudential PSU Equity Fund - Direct Plan - IDCW,10.02,2022-09-13,2026-04-06,875,18.538245203266698,-29.281767955801108,0.8444197668318271,-2.6239067055393543,-5.7384760112888165,-11.56222418358341,-50.22354694485842,-46.64536741214058
150540,ICICI Prudential PSU Equity Fund - IDCW,10.01,2022-09-13,2026-04-06,875,18.626211313365935,-30.039352864013996,0.7381626375461511,-2.531645569620251,-5.298013245033117,-10.545129579982126,-49.110320284697515,-44.26503340757238
112171,Invesco India PSU Equity Fund - Regular Plan - Growth,10.0,2009-11-27,2026-04-06,4027,18.87043244129186,-41.81818181818181,0.43549092583410576,-3.2882011605415844,-1.7681728880157142,-13.11902693310165,-3.8461538461538494,0.0
134923,Nippon India US Equity Opportunities Fund- Direct Plan- Growth Plan- Growth Option,9.706,2015-07-28,2026-04-06,2548,19.020299179728685,-30.78148123492572,0.5864914906888749,1.4953466485412412,-0.08441250952214725,-2.4002735125242562,-11.470684811558248,-33.98581232273905
134925,NIPPON INDIA - US EQUITY OPPORTUNITIES FUND - Direct Plan - IDCW Option,9.706,2015-07-28,2026-04-06,2548,19.02030853777458,-30.78148123492572,0.586491309643423,1.4953466485412412,-0.08441250952214725,-2.4002735125242562,-11.470684811558248,-33.98581232273905
134924,NIPPON INDIA - US EQUITY OPPORTUNITIES FUND - IDCW Option,9.7047,2015-07-28,2026-04-06,2548,19.02155832905437,-30.892555082114644,0.5152750867462071,1.6167031402154985,0.30075654222995435,-1.6398925657527947,-10.181585961794752,-31.997056968677732
134922,Nippon India US Equity Opportunities Fund- Growth Plan- Growth Option,9.7047,2015-07-28,2026-04-06,2548,19.021572658577284,-30.892555082114644,0.5152748604844839,1.6167031402154985,0.30075654222995435,-1.6398925657527947,-10.181585961794752,-31.997056968677732
105817,Franklin India Focused Equity Fund - Growth Plan,9.8867,2007-07-27,2026-04-06,4597,19.578398709219762,-67.61523843499378,0.48440365289061127,-3.5509770064483477,-24.853685602663305,0.43274651821903676,80.47351319776567,-21.271072392677127
112173,Invesco India PSU Equity Fund - Regular Plan - IDCW (Payout / Reinvestment),10.0,2009-11-27,2026-04-06,4027,19.59980287688971,-47.509881422924906,0.2517708359819258,-3.2882011605415844,-1.7681728880157142,-13.11902693310165,6.609808102345408,10.86474501108648
120395,Invesco India PSU Equity Fund - Direct Plan - Growth,10.4,2013-01-02,2026-04-06,3261,19.72491211820494,-33.422103861517975,0.6502668914192782,2.261553588987222,5.156723963599593,23.07692307692309,-16.799999999999997,-26.501766784452297
120394,Invesco India PSU Equity Fund - Direct Plan - IDCW (Payout / Reinvestment),9.38,2013-01-02,2026-04-06,3261,20.299601344209304,-38.50027979854505,0.4813323180796074,2.1786492374727784,5.0391937290033715,23.097112860892395,-16.696269982238,-26.37362637362637
102947,HDFC Hybrid Equity Fund - IDCW Plan,15.32,2006-04-03,2026-04-06,4924,20.54883226441982,-66.42397087650518,-0.19796026707950265,5.698909893749141,13.104466592838687,-1.6056518946692355,-9.54180444024563,96.68763641032227
105816,Franklin India Focused Equity Fund - IDCW,9.8867,2007-07-27,2026-04-06,4597,20.646290303408414,-67.61523843499378,0.14330064939150214,-3.5509770064483477,-24.853685602663305,0.43274651821903676,80.47351319776567,-21.271072392677127
147846,Aditya Birla Sun Life PSU Equity Fund-Regular Plan-Growth,10.05,2020-01-01,2026-04-06,1544,21.888171721631473,-33.99209486166008,0.8699874435965268,2.3421588594704725,35.810810810810814,17.957746478873254,-21.789883268482484,-43.12393887945671
147844,Aditya Birla Sun Life PSU Equity Fund-Direct Plan-Growth,10.05,2020-01-01,2026-04-06,1544,21.906005650196274,-33.76110562685095,0.9609476094375764,2.1341463414634236,34.89932885906041,16.454229432213207,-24.03628117913832,-46.11260053619302
147845,Aditya Birla Sun Life PSU Equity Fund-Direct - Payout of IDCW,10.05,2020-01-01,2026-04-06,1544,22.56137227903038,-33.76110562685095,0.6937976037151822,2.1341463414634236,34.71849865951744,16.454229432213207,-24.093655589123863,-46.14147909967845
147847,Aditya Birla Sun Life PSU Equity Fund-Regular - Payout of IDCW,10.05,2020-01-01,2026-04-06,1544,22.6861695746636,-33.99209486166008,0.5578677677561503,2.3421588594704725,35.810810810810814,18.09635722679202,-21.789883268482484,-39.78430197723188
149329,Nippon India Taiwan Equity Fund- Direct Plan- Growth Option,9.7585,2021-12-14,2026-04-06,999,31.963014986916654,-44.77461226250467,0.9251843905473276,5.367439048092077,23.956811686249605,41.76242427764138,8.605166215930456,-18.658831374510296
149327,Nippon India Taiwan Equity Fund- Direct Plan- IDCW option,9.7585,2021-12-14,2026-04-06,999,31.963382168031597,-44.77461226250467,0.9251788387651936,5.367439048092077,23.956811686249605,41.76242427764138,8.605166215930456,-18.658831374510296
149328,Nippon India Taiwan Equity fund- Regular Plan- Growth Option,9.7566,2021-12-14,2026-04-06,999,31.965518816515072,-45.51611763320114,0.8584397507210374,5.5783402408804275,24.82536270822139,43.614578426754605,11.325878594249216,-14.775377573571156
149325,Nippon India Taiwan Equity Fund- Regular Plan- IDCW option,9.7566,2021-12-14,2026-04-06,999,31.970305398580663,-45.51611763320114,0.8583767966070882,5.5783402408804275,24.82536270822139,43.614578426754605,11.325878594249216,-14.775377573571156
147868,TATA Quant Equity Fund Regular Plan - Payout of Income Distribution cum capital withdrawal option,10.0091,2020-01-28,2025-04-01,1273,48.08233127485651,-100.0,-0.34753683791774936,19.836452234713796,30.103208027868767,28.04436541339917,-7.778279417320085,-6.2572584572734335
147869,TATA Quant Equity Fund Direct Plan - Payout of Income Distribution cum capital withdrawal option,10.0126,2020-01-28,2025-04-01,1273,48.08387978945293,-100.0,-0.3163404639430031,19.50491740666478,29.02003736872625,26.208183124511574,-10.004763745202542,-10.833459493637067
106873,Aditya Birla Sun Life International Equity Fund - Growth - Regular Plan,9.9682,2007-11-15,2026-04-06,4519,57.7422260780732,-73.99388149907665,0.24865121382190747,-1.4659220085998197,5.304190743812115,8.51040668814768,35.08693472103643,7.967419795073975
106872,Aditya Birla Sun Life International Equity Fund - Regular - IDCW,9.9682,2007-11-15,2026-04-06,4519,58.037299018336356,-76.07941028115704,0.16253732260369905,-1.4659220085998197,5.304190743812115,8.51040668814768,35.08693472103643,7.967419795073975
119516,Aditya Birla Sun Life International Equity Fund - Direct - IDCW,11.9148,2013-01-02,2026-04-06,3259,67.02581973065365,-73.88509674914926,0.32025802530847935,-2.4320738957401904,-8.572744014732967,-22.65678249410909,-24.731834893681544,-27.7960925001212
119517,Aditya Birla Sun Life International Equity Fund - Growth - Direct Plan,11.9148,2013-01-02,2026-04-06,3259,67.02585249482274,-73.88598876560609,0.3201700823657422,-2.4320738957401904,-8.569937689922954,-22.571337592035405,-24.666637160867726,-27.743547448088492
